,Ymin,Xmin,Ymax,Xmax,id,name,mask
0,104.0,127.0,437.0,237.0,0.0,images/garrafa_1/prod_(0).png,output/garrafa_1/mask_(0).png
1,122.0,175.8,348.4,250.6,0.0,output/garrafa_1/aum_(0).png,output/garrafa_1/aum_mask_(0).png
2,103.0,124.0,437.0,235.0,1.0,images/garrafa_1/prod_(1).png,output/garrafa_1/mask_(1).png
3,248.3,153.8,535.6,249.2,1.0,output/garrafa_1/aum_(1).png,output/garrafa_1/aum_mask_(1).png
4,104.0,119.0,433.0,226.0,2.0,images/garrafa_1/prod_(2).png,output/garrafa_1/mask_(2).png
5,349.1,191.2,421.5,214.7,2.0,output/garrafa_1/aum_(2).png,output/garrafa_1/aum_mask_(2).png
6,103.0,109.0,432.0,219.0,3.0,images/garrafa_1/prod_(3).png,output/garrafa_1/mask_(3).png
7,147.7,183.8,262.9,222.3,3.0,output/garrafa_1/aum_(3).png,output/garrafa_1/aum_mask_(3).png
8,100.0,102.0,431.0,212.0,4.0,images/garrafa_1/prod_(4).png,output/garrafa_1/mask_(4).png
9,259.7,160.5,494.7,238.6,4.0,output/garrafa_1/aum_(4).png,output/garrafa_1/aum_mask_(4).png
10,104.0,93.0,439.0,208.0,5.0,images/garrafa_1/prod_(5).png,output/garrafa_1/mask_(5).png
11,231.6,110.6,358.9,154.3,5.0,output/garrafa_1/aum_(5).png,output/garrafa_1/aum_mask_(5).png
12,110.0,89.0,441.0,198.0,6.0,images/garrafa_1/prod_(6).png,output/garrafa_1/mask_(6).png
13,77.7,40.3,349.1,129.7,6.0,output/garrafa_1/aum_(6).png,output/garrafa_1/aum_mask_(6).png
14,114.0,86.0,453.0,199.0,7.0,images/garrafa_1/prod_(7).png,output/garrafa_1/mask_(7).png
15,196.6,196.8,315.2,236.3,7.0,output/garrafa_1/aum_(7).png,output/garrafa_1/aum_mask_(7).png
16,119.0,90.0,455.0,203.0,8.0,images/garrafa_1/prod_(8).png,output/garrafa_1/mask_(8).png
17,195.3,168.0,306.2,205.3,8.0,output/garrafa_1/aum_(8).png,output/garrafa_1/aum_mask_(8).png
18,113.0,98.0,448.0,208.0,9.0,images/garrafa_1/prod_(9).png,output/garrafa_1/mask_(9).png
19,300.1,154.3,477.6,212.6,9.0,output/garrafa_1/aum_(9).png,output/garrafa_1/aum_mask_(9).png
20,114.0,111.0,440.0,220.0,10.0,images/garrafa_1/prod_(10).png,output/garrafa_1/mask_(10).png
21,32.4,97.8,335.6,199.2,10.0,output/garrafa_1/aum_(10).png,output/garrafa_1/aum_mask_(10).png
22,104.0,113.0,428.0,223.0,11.0,images/garrafa_1/prod_(11).png,output/garrafa_1/mask_(11).png
23,154.1,163.2,287.0,208.3,11.0,output/garrafa_1/aum_(11).png,output/garrafa_1/aum_mask_(11).png
24,98.0,119.0,430.0,226.0,12.0,images/garrafa_1/prod_(12).png,output/garrafa_1/mask_(12).png
25,281.3,234.0,377.5,265.0,12.0,output/garrafa_1/aum_(12).png,output/garrafa_1/aum_mask_(12).png
26,100.0,119.0,435.0,228.0,13.0,images/garrafa_1/prod_(13).png,output/garrafa_1/mask_(13).png
27,202.1,123.5,312.6,159.5,13.0,output/garrafa_1/aum_(13).png,output/garrafa_1/aum_mask_(13).png
28,100.0,125.0,434.0,235.0,14.0,images/garrafa_1/prod_(14).png,output/garrafa_1/mask_(14).png
29,241.3,106.5,535.3,203.3,14.0,output/garrafa_1/aum_(14).png,output/garrafa_1/aum_mask_(14).png
30,102.0,129.0,436.0,243.0,15.0,images/garrafa_1/prod_(15).png,output/garrafa_1/mask_(15).png
31,328.4,120.3,482.1,172.7,15.0,output/garrafa_1/aum_(15).png,output/garrafa_1/aum_mask_(15).png
32,101.0,134.0,432.0,248.0,16.0,images/garrafa_1/prod_(16).png,output/garrafa_1/mask_(16).png
33,93.0,85.6,281.6,150.5,16.0,output/garrafa_1/aum_(16).png,output/garrafa_1/aum_mask_(16).png
34,105.0,146.0,431.0,250.0,17.0,images/garrafa_1/prod_(17).png,output/garrafa_1/mask_(17).png
35,122.6,107.8,256.2,150.4,17.0,output/garrafa_1/aum_(17).png,output/garrafa_1/aum_mask_(17).png
36,103.0,150.0,431.0,256.0,18.0,images/garrafa_1/prod_(18).png,output/garrafa_1/mask_(18).png
37,98.4,93.0,259.1,145.0,18.0,output/garrafa_1/aum_(18).png,output/garrafa_1/aum_mask_(18).png
38,100.0,148.0,436.0,258.0,19.0,images/garrafa_1/prod_(19).png,output/garrafa_1/mask_(19).png
39,269.5,179.0,424.1,229.6,19.0,output/garrafa_1/aum_(19).png,output/garrafa_1/aum_mask_(19).png
40,101.0,152.0,444.0,259.0,20.0,images/garrafa_1/prod_(20).png,output/garrafa_1/mask_(20).png
41,345.4,163.4,496.3,210.5,20.0,output/garrafa_1/aum_(20).png,output/garrafa_1/aum_mask_(20).png
42,114.0,151.0,446.0,256.0,21.0,images/garrafa_1/prod_(21).png,output/garrafa_1/mask_(21).png
43,279.1,118.1,365.4,145.4,21.0,output/garrafa_1/aum_(21).png,output/garrafa_1/aum_mask_(21).png
44,114.0,148.0,447.0,255.0,22.0,images/garrafa_1/prod_(22).png,output/garrafa_1/mask_(22).png
45,79.1,124.3,282.3,189.6,22.0,output/garrafa_1/aum_(22).png,output/garrafa_1/aum_mask_(22).png
46,114.0,145.0,450.0,254.0,23.0,images/garrafa_1/prod_(23).png,output/garrafa_1/mask_(23).png
47,331.9,98.3,489.8,149.5,23.0,output/garrafa_1/aum_(23).png,output/garrafa_1/aum_mask_(23).png
48,107.0,146.0,455.0,259.0,24.0,images/garrafa_1/prod_(24).png,output/garrafa_1/mask_(24).png
49,232.9,175.7,417.3,235.6,24.0,output/garrafa_1/aum_(24).png,output/garrafa_1/aum_mask_(24).png
50,114.0,145.0,457.0,258.0,25.0,images/garrafa_1/prod_(25).png,output/garrafa_1/mask_(25).png
51,64.6,227.0,308.1,307.2,25.0,output/garrafa_1/aum_(25).png,output/garrafa_1/aum_mask_(25).png
52,116.0,146.0,460.0,257.0,26.0,images/garrafa_1/prod_(26).png,output/garrafa_1/mask_(26).png
53,124.0,168.3,464.6,278.2,26.0,output/garrafa_1/aum_(26).png,output/garrafa_1/aum_mask_(26).png
54,116.0,147.0,466.0,265.0,27.0,images/garrafa_1/prod_(27).png,output/garrafa_1/mask_(27).png
55,239.6,157.6,432.1,222.5,27.0,output/garrafa_1/aum_(27).png,output/garrafa_1/aum_mask_(27).png
56,129.0,150.0,477.0,262.0,28.0,images/garrafa_1/prod_(28).png,output/garrafa_1/mask_(28).png
57,57.4,183.8,384.6,289.0,28.0,output/garrafa_1/aum_(28).png,output/garrafa_1/aum_mask_(28).png
58,138.0,157.0,484.0,273.0,29.0,images/garrafa_1/prod_(29).png,output/garrafa_1/mask_(29).png
59,234.2,161.9,396.8,216.4,29.0,output/garrafa_1/aum_(29).png,output/garrafa_1/aum_mask_(29).png
60,153.0,158.0,495.0,271.0,30.0,images/garrafa_1/prod_(30).png,output/garrafa_1/mask_(30).png
61,275.3,187.5,497.6,261.0,30.0,output/garrafa_1/aum_(30).png,output/garrafa_1/aum_mask_(30).png
62,169.0,159.0,511.0,270.0,31.0,images/garrafa_1/prod_(31).png,output/garrafa_1/mask_(31).png
63,212.2,114.4,396.9,174.4,31.0,output/garrafa_1/aum_(31).png,output/garrafa_1/aum_mask_(31).png
64,194.0,157.0,527.0,270.0,32.0,images/garrafa_1/prod_(32).png,output/garrafa_1/mask_(32).png
65,268.7,139.6,488.4,214.2,32.0,output/garrafa_1/aum_(32).png,output/garrafa_1/aum_mask_(32).png
66,218.0,155.0,543.0,270.0,33.0,images/garrafa_1/prod_(33).png,output/garrafa_1/mask_(33).png
67,266.0,198.7,581.3,310.3,33.0,output/garrafa_1/aum_(33).png,output/garrafa_1/aum_mask_(33).png
68,222.0,152.0,560.0,269.0,34.0,images/garrafa_1/prod_(34).png,output/garrafa_1/mask_(34).png
69,231.6,203.4,380.3,254.9,34.0,output/garrafa_1/aum_(34).png,output/garrafa_1/aum_mask_(34).png
70,228.0,147.0,569.0,264.0,35.0,images/garrafa_1/prod_(35).png,output/garrafa_1/mask_(35).png
71,195.3,189.5,468.1,283.1,35.0,output/garrafa_1/aum_(35).png,output/garrafa_1/aum_mask_(35).png
72,224.0,146.0,559.0,267.0,36.0,images/garrafa_1/prod_(36).png,output/garrafa_1/mask_(36).png
73,142.3,205.0,427.1,307.9,36.0,output/garrafa_1/aum_(36).png,output/garrafa_1/aum_mask_(36).png
74,219.0,143.0,549.0,262.0,37.0,images/garrafa_1/prod_(37).png,output/garrafa_1/mask_(37).png
75,371.2,204.0,602.2,287.2,37.0,output/garrafa_1/aum_(37).png,output/garrafa_1/aum_mask_(37).png
76,208.0,143.0,532.0,260.0,38.0,images/garrafa_1/prod_(38).png,output/garrafa_1/mask_(38).png
77,147.3,128.3,406.5,221.9,38.0,output/garrafa_1/aum_(38).png,output/garrafa_1/aum_mask_(38).png
78,189.0,139.0,528.0,257.0,39.0,images/garrafa_1/prod_(39).png,output/garrafa_1/mask_(39).png
79,380.3,121.6,471.8,153.4,39.0,output/garrafa_1/aum_(39).png,output/garrafa_1/aum_mask_(39).png
80,187.0,141.0,522.0,258.0,40.0,images/garrafa_1/prod_(40).png,output/garrafa_1/mask_(40).png
81,168.7,198.1,259.2,229.7,40.0,output/garrafa_1/aum_(40).png,output/garrafa_1/aum_mask_(40).png
82,174.0,144.0,513.0,263.0,41.0,images/garrafa_1/prod_(41).png,output/garrafa_1/mask_(41).png
83,210.5,127.9,359.6,180.2,41.0,output/garrafa_1/aum_(41).png,output/garrafa_1/aum_mask_(41).png
84,167.0,141.0,510.0,257.0,42.0,images/garrafa_1/prod_(42).png,output/garrafa_1/mask_(42).png
85,367.5,128.1,504.7,174.5,42.0,output/garrafa_1/aum_(42).png,output/garrafa_1/aum_mask_(42).png
86,159.0,136.0,507.0,255.0,43.0,images/garrafa_1/prod_(43).png,output/garrafa_1/mask_(43).png
87,208.8,210.5,448.9,292.6,43.0,output/garrafa_1/aum_(43).png,output/garrafa_1/aum_mask_(43).png
88,151.0,133.0,504.0,252.0,44.0,images/garrafa_1/prod_(44).png,output/garrafa_1/mask_(44).png
89,259.3,125.6,425.2,181.6,44.0,output/garrafa_1/aum_(44).png,output/garrafa_1/aum_mask_(44).png
90,142.0,129.0,497.0,250.0,45.0,images/garrafa_1/prod_(45).png,output/garrafa_1/mask_(45).png
91,110.6,77.7,348.4,158.7,45.0,output/garrafa_1/aum_(45).png,output/garrafa_1/aum_mask_(45).png
92,128.0,130.0,490.0,248.0,46.0,images/garrafa_1/prod_(46).png,output/garrafa_1/mask_(46).png
93,292.1,82.9,574.5,174.9,46.0,output/garrafa_1/aum_(46).png,output/garrafa_1/aum_mask_(46).png
94,118.0,126.0,485.0,248.0,47.0,images/garrafa_1/prod_(47).png,output/garrafa_1/mask_(47).png
95,275.3,184.2,565.2,280.6,47.0,output/garrafa_1/aum_(47).png,output/garrafa_1/aum_mask_(47).png
96,107.0,124.0,469.0,245.0,48.0,images/garrafa_1/prod_(48).png,output/garrafa_1/mask_(48).png
97,95.9,84.9,432.5,197.4,48.0,output/garrafa_1/aum_(48).png,output/garrafa_1/aum_mask_(48).png
98,103.0,118.0,470.0,242.0,49.0,images/garrafa_1/prod_(49).png,output/garrafa_1/mask_(49).png
99,125.6,189.2,389.9,278.5,49.0,output/garrafa_1/aum_(49).png,output/garrafa_1/aum_mask_(49).png
100,101.0,116.0,469.0,238.0,50.0,images/garrafa_1/prod_(50).png,output/garrafa_1/mask_(50).png
101,187.1,144.0,474.1,239.1,50.0,output/garrafa_1/aum_(50).png,output/garrafa_1/aum_mask_(50).png
102,101.0,117.0,470.0,240.0,51.0,images/garrafa_1/prod_(51).png,output/garrafa_1/mask_(51).png
103,93.0,109.9,421.4,219.3,51.0,output/garrafa_1/aum_(51).png,output/garrafa_1/aum_mask_(51).png
104,107.0,124.0,475.0,249.0,52.0,images/garrafa_1/prod_(52).png,output/garrafa_1/mask_(52).png
105,245.9,201.8,529.2,298.0,52.0,output/garrafa_1/aum_(52).png,output/garrafa_1/aum_mask_(52).png
106,108.0,131.0,477.0,254.0,53.0,images/garrafa_1/prod_(53).png,output/garrafa_1/mask_(53).png
107,219.1,156.5,584.4,278.3,53.0,output/garrafa_1/aum_(53).png,output/garrafa_1/aum_mask_(53).png
108,105.0,136.0,475.0,260.0,54.0,images/garrafa_1/prod_(54).png,output/garrafa_1/mask_(54).png
109,148.3,119.9,255.6,155.8,54.0,output/garrafa_1/aum_(54).png,output/garrafa_1/aum_mask_(54).png
110,96.0,138.0,474.0,262.0,55.0,images/garrafa_1/prod_(55).png,output/garrafa_1/mask_(55).png
111,67.8,101.7,321.0,184.8,55.0,output/garrafa_1/aum_(55).png,output/garrafa_1/aum_mask_(55).png
112,91.0,138.0,472.0,262.0,56.0,images/garrafa_1/prod_(56).png,output/garrafa_1/mask_(56).png
113,30.7,154.4,362.2,262.3,56.0,output/garrafa_1/aum_(56).png,output/garrafa_1/aum_mask_(56).png
114,86.0,134.0,473.0,259.0,57.0,images/garrafa_1/prod_(57).png,output/garrafa_1/mask_(57).png
115,242.4,132.8,486.2,211.6,57.0,output/garrafa_1/aum_(57).png,output/garrafa_1/aum_mask_(57).png
116,93.0,131.0,475.0,259.0,58.0,images/garrafa_1/prod_(58).png,output/garrafa_1/mask_(58).png
117,54.7,105.8,383.2,215.9,58.0,output/garrafa_1/aum_(58).png,output/garrafa_1/aum_mask_(58).png
118,92.0,130.0,479.0,260.0,59.0,images/garrafa_1/prod_(59).png,output/garrafa_1/mask_(59).png
119,322.1,209.1,426.6,244.2,59.0,output/garrafa_1/aum_(59).png,output/garrafa_1/aum_mask_(59).png
120,93.0,126.0,484.0,257.0,60.0,images/garrafa_1/prod_(60).png,output/garrafa_1/mask_(60).png
121,101.8,67.6,422.4,175.0,60.0,output/garrafa_1/aum_(60).png,output/garrafa_1/aum_mask_(60).png
122,93.0,123.0,490.0,254.0,61.0,images/garrafa_1/prod_(61).png,output/garrafa_1/mask_(61).png
123,203.5,134.1,473.4,223.2,61.0,output/garrafa_1/aum_(61).png,output/garrafa_1/aum_mask_(61).png
124,92.0,121.0,491.0,252.0,62.0,images/garrafa_1/prod_(62).png,output/garrafa_1/mask_(62).png
125,154.1,103.7,377.5,177.1,62.0,output/garrafa_1/aum_(62).png,output/garrafa_1/aum_mask_(62).png
126,87.0,118.0,489.0,252.0,63.0,images/garrafa_1/prod_(63).png,output/garrafa_1/mask_(63).png
127,242.2,78.6,431.2,141.6,63.0,output/garrafa_1/aum_(63).png,output/garrafa_1/aum_mask_(63).png
128,86.0,116.0,488.0,247.0,64.0,images/garrafa_1/prod_(64).png,output/garrafa_1/mask_(64).png
129,237.0,138.4,566.7,245.8,64.0,output/garrafa_1/aum_(64).png,output/garrafa_1/aum_mask_(64).png
130,93.0,105.0,491.0,237.0,65.0,images/garrafa_1/prod_(65).png,output/garrafa_1/mask_(65).png
131,235.1,136.5,406.2,193.2,65.0,output/garrafa_1/aum_(65).png,output/garrafa_1/aum_mask_(65).png
132,94.0,101.0,491.0,234.0,66.0,images/garrafa_1/prod_(66).png,output/garrafa_1/mask_(66).png
133,69.1,184.7,386.7,291.1,66.0,output/garrafa_1/aum_(66).png,output/garrafa_1/aum_mask_(66).png
134,98.0,104.0,489.0,235.0,67.0,images/garrafa_1/prod_(67).png,output/garrafa_1/mask_(67).png
135,39.9,114.4,341.0,215.2,67.0,output/garrafa_1/aum_(67).png,output/garrafa_1/aum_mask_(67).png
136,101.0,107.0,486.0,235.0,68.0,images/garrafa_1/prod_(68).png,output/garrafa_1/mask_(68).png
137,384.7,189.6,484.8,222.9,68.0,output/garrafa_1/aum_(68).png,output/garrafa_1/aum_mask_(68).png
138,103.0,111.0,486.0,236.0,69.0,images/garrafa_1/prod_(69).png,output/garrafa_1/mask_(69).png
139,235.0,93.0,338.5,126.8,69.0,output/garrafa_1/aum_(69).png,output/garrafa_1/aum_mask_(69).png
140,107.0,112.0,482.0,236.0,70.0,images/garrafa_1/prod_(70).png,output/garrafa_1/mask_(70).png
141,249.6,112.0,485.9,190.1,70.0,output/garrafa_1/aum_(70).png,output/garrafa_1/aum_mask_(70).png
142,115.0,110.0,490.0,235.0,71.0,images/garrafa_1/prod_(71).png,output/garrafa_1/mask_(71).png
143,146.4,103.8,322.6,162.6,71.0,output/garrafa_1/aum_(71).png,output/garrafa_1/aum_mask_(71).png
144,126.0,115.0,496.0,237.0,72.0,images/garrafa_1/prod_(72).png,output/garrafa_1/mask_(72).png
145,340.2,163.4,495.6,214.6,72.0,output/garrafa_1/aum_(72).png,output/garrafa_1/aum_mask_(72).png
146,141.0,116.0,516.0,241.0,73.0,images/garrafa_1/prod_(73).png,output/garrafa_1/mask_(73).png
147,102.8,148.4,369.0,237.2,73.0,output/garrafa_1/aum_(73).png,output/garrafa_1/aum_mask_(73).png
148,161.0,113.0,532.0,237.0,74.0,images/garrafa_1/prod_(74).png,output/garrafa_1/mask_(74).png
149,84.4,191.6,396.0,295.8,74.0,output/garrafa_1/aum_(74).png,output/garrafa_1/aum_mask_(74).png
150,178.0,107.0,549.0,236.0,75.0,images/garrafa_1/prod_(75).png,output/garrafa_1/mask_(75).png
151,317.3,94.8,658.6,213.5,75.0,output/garrafa_1/aum_(75).png,output/garrafa_1/aum_mask_(75).png
152,186.0,100.0,559.0,229.0,76.0,images/garrafa_1/prod_(76).png,output/garrafa_1/mask_(76).png
153,98.4,72.7,411.7,181.1,76.0,output/garrafa_1/aum_(76).png,output/garrafa_1/aum_mask_(76).png
154,198.0,93.0,573.0,221.0,77.0,images/garrafa_1/prod_(77).png,output/garrafa_1/mask_(77).png
155,123.9,83.6,431.4,188.5,77.0,output/garrafa_1/aum_(77).png,output/garrafa_1/aum_mask_(77).png
156,213.0,89.0,587.0,219.0,78.0,images/garrafa_1/prod_(78).png,output/garrafa_1/mask_(78).png
157,284.4,68.5,520.0,150.4,78.0,output/garrafa_1/aum_(78).png,output/garrafa_1/aum_mask_(78).png
158,232.0,90.0,596.0,217.0,79.0,images/garrafa_1/prod_(79).png,output/garrafa_1/mask_(79).png
159,401.2,192.5,539.6,240.8,79.0,output/garrafa_1/aum_(79).png,output/garrafa_1/aum_mask_(79).png
160,250.0,92.0,605.0,223.0,80.0,images/garrafa_1/prod_(80).png,output/garrafa_1/mask_(80).png
161,257.2,58.6,544.8,164.7,80.0,output/garrafa_1/aum_(80).png,output/garrafa_1/aum_mask_(80).png
162,256.0,102.0,607.0,225.0,81.0,images/garrafa_1/prod_(81).png,output/garrafa_1/mask_(81).png
163,263.0,115.8,470.1,188.3,81.0,output/garrafa_1/aum_(81).png,output/garrafa_1/aum_mask_(81).png
164,266.0,112.0,614.0,239.0,82.0,images/garrafa_1/prod_(82).png,output/garrafa_1/mask_(82).png
165,377.6,81.1,663.0,185.3,82.0,output/garrafa_1/aum_(82).png,output/garrafa_1/aum_mask_(82).png
166,269.0,116.0,614.0,243.0,83.0,images/garrafa_1/prod_(83).png,output/garrafa_1/mask_(83).png
167,253.7,65.0,484.8,150.0,83.0,output/garrafa_1/aum_(83).png,output/garrafa_1/aum_mask_(83).png
168,271.0,120.0,616.0,245.0,84.0,images/garrafa_1/prod_(84).png,output/garrafa_1/mask_(84).png
169,367.2,163.1,525.9,220.6,84.0,output/garrafa_1/aum_(84).png,output/garrafa_1/aum_mask_(84).png
170,276.0,115.0,618.0,241.0,85.0,images/garrafa_1/prod_(85).png,output/garrafa_1/mask_(85).png
171,171.1,117.2,331.8,176.4,85.0,output/garrafa_1/aum_(85).png,output/garrafa_1/aum_mask_(85).png
172,279.0,107.0,623.0,232.0,86.0,images/garrafa_1/prod_(86).png,output/garrafa_1/mask_(86).png
173,432.2,94.8,511.3,123.6,86.0,output/garrafa_1/aum_(86).png,output/garrafa_1/aum_mask_(86).png
174,286.0,96.0,628.0,223.0,87.0,images/garrafa_1/prod_(87).png,output/garrafa_1/mask_(87).png
175,250.4,130.4,496.6,221.8,87.0,output/garrafa_1/aum_(87).png,output/garrafa_1/aum_mask_(87).png
176,292.0,91.0,632.0,218.0,88.0,images/garrafa_1/prod_(88).png,output/garrafa_1/mask_(88).png
177,369.3,73.9,705.9,199.6,88.0,output/garrafa_1/aum_(88).png,output/garrafa_1/aum_mask_(88).png
178,300.0,88.0,637.0,214.0,89.0,images/garrafa_1/prod_(89).png,output/garrafa_1/mask_(89).png
179,318.7,53.5,557.9,143.0,89.0,output/garrafa_1/aum_(89).png,output/garrafa_1/aum_mask_(89).png
180,310.0,88.0,640.0,216.0,90.0,images/garrafa_1/prod_(90).png,output/garrafa_1/mask_(90).png
181,370.0,150.2,630.7,251.3,90.0,output/garrafa_1/aum_(90).png,output/garrafa_1/aum_mask_(90).png
182,318.0,94.0,639.0,220.0,91.0,images/garrafa_1/prod_(91).png,output/garrafa_1/mask_(91).png
183,216.3,164.2,476.3,266.3,91.0,output/garrafa_1/aum_(91).png,output/garrafa_1/aum_mask_(91).png
184,321.0,102.0,633.0,224.0,92.0,images/garrafa_1/prod_(92).png,output/garrafa_1/mask_(92).png
185,288.6,146.5,510.1,233.1,92.0,output/garrafa_1/aum_(92).png,output/garrafa_1/aum_mask_(92).png
186,318.0,105.0,635.0,232.0,93.0,images/garrafa_1/prod_(93).png,output/garrafa_1/mask_(93).png
187,292.1,119.7,593.2,240.4,93.0,output/garrafa_1/aum_(93).png,output/garrafa_1/aum_mask_(93).png
188,306.0,114.0,638.0,240.0,94.0,images/garrafa_1/prod_(94).png,output/garrafa_1/mask_(94).png
189,411.2,71.7,663.6,167.5,94.0,output/garrafa_1/aum_(94).png,output/garrafa_1/aum_mask_(94).png
190,307.0,117.0,637.0,241.0,95.0,images/garrafa_1/prod_(95).png,output/garrafa_1/mask_(95).png
191,398.4,163.9,692.1,274.2,95.0,output/garrafa_1/aum_(95).png,output/garrafa_1/aum_mask_(95).png
192,301.0,120.0,634.0,241.0,96.0,images/garrafa_1/prod_(96).png,output/garrafa_1/mask_(96).png
193,340.3,99.2,650.0,211.7,96.0,output/garrafa_1/aum_(96).png,output/garrafa_1/aum_mask_(96).png
194,291.0,121.0,629.0,244.0,97.0,images/garrafa_1/prod_(97).png,output/garrafa_1/mask_(97).png
195,192.0,177.5,411.7,257.4,97.0,output/garrafa_1/aum_(97).png,output/garrafa_1/aum_mask_(97).png
196,281.0,123.0,625.0,245.0,98.0,images/garrafa_1/prod_(98).png,output/garrafa_1/mask_(98).png
197,245.6,184.1,503.6,275.6,98.0,output/garrafa_1/aum_(98).png,output/garrafa_1/aum_mask_(98).png
198,270.0,126.0,616.0,251.0,99.0,images/garrafa_1/prod_(99).png,output/garrafa_1/mask_(99).png
199,318.3,208.7,550.2,292.4,99.0,output/garrafa_1/aum_(99).png,output/garrafa_1/aum_mask_(99).png
200,256.0,127.0,602.0,252.0,100.0,images/garrafa_1/prod_(100).png,output/garrafa_1/mask_(100).png
201,169.6,168.6,359.9,237.4,100.0,output/garrafa_1/aum_(100).png,output/garrafa_1/aum_mask_(100).png
202,231.0,139.0,584.0,261.0,101.0,images/garrafa_1/prod_(101).png,output/garrafa_1/mask_(101).png
203,313.4,126.1,465.2,178.5,101.0,output/garrafa_1/aum_(101).png,output/garrafa_1/aum_mask_(101).png
204,222.0,145.0,569.0,267.0,102.0,images/garrafa_1/prod_(102).png,output/garrafa_1/mask_(102).png
205,113.5,216.9,391.1,314.5,102.0,output/garrafa_1/aum_(102).png,output/garrafa_1/aum_mask_(102).png
206,219.0,148.0,561.0,268.0,103.0,images/garrafa_1/prod_(103).png,output/garrafa_1/mask_(103).png
207,350.0,200.8,661.3,310.0,103.0,output/garrafa_1/aum_(103).png,output/garrafa_1/aum_mask_(103).png
208,222.0,148.0,566.0,269.0,104.0,images/garrafa_1/prod_(104).png,output/garrafa_1/mask_(104).png
209,146.6,223.0,304.9,278.7,104.0,output/garrafa_1/aum_(104).png,output/garrafa_1/aum_mask_(104).png
210,227.0,148.0,572.0,271.0,105.0,images/garrafa_1/prod_(105).png,output/garrafa_1/mask_(105).png
211,249.6,98.6,391.0,149.0,105.0,output/garrafa_1/aum_(105).png,output/garrafa_1/aum_mask_(105).png
212,235.0,150.0,574.0,267.0,106.0,images/garrafa_1/prod_(106).png,output/garrafa_1/mask_(106).png
213,371.9,148.7,599.0,227.1,106.0,output/garrafa_1/aum_(106).png,output/garrafa_1/aum_mask_(106).png
214,239.0,154.0,574.0,269.0,107.0,images/garrafa_1/prod_(107).png,output/garrafa_1/mask_(107).png
215,211.8,119.9,285.5,145.2,107.0,output/garrafa_1/aum_(107).png,output/garrafa_1/aum_mask_(107).png
216,244.0,160.0,574.0,274.0,108.0,images/garrafa_1/prod_(108).png,output/garrafa_1/mask_(108).png
217,356.0,113.8,672.8,223.2,108.0,output/garrafa_1/aum_(108).png,output/garrafa_1/aum_mask_(108).png
218,248.0,162.0,571.0,275.0,109.0,images/garrafa_1/prod_(109).png,output/garrafa_1/mask_(109).png
219,294.0,110.8,436.2,160.5,109.0,output/garrafa_1/aum_(109).png,output/garrafa_1/aum_mask_(109).png
220,248.0,165.0,568.0,277.0,110.0,images/garrafa_1/prod_(110).png,output/garrafa_1/mask_(110).png
221,195.9,222.6,435.9,306.6,110.0,output/garrafa_1/aum_(110).png,output/garrafa_1/aum_mask_(110).png
222,241.0,163.0,573.0,276.0,111.0,images/garrafa_1/prod_(111).png,output/garrafa_1/mask_(111).png
223,372.2,157.9,445.3,182.7,111.0,output/garrafa_1/aum_(111).png,output/garrafa_1/aum_mask_(111).png
224,240.0,160.0,570.0,273.0,112.0,images/garrafa_1/prod_(112).png,output/garrafa_1/mask_(112).png
225,295.9,224.5,447.7,276.5,112.0,output/garrafa_1/aum_(112).png,output/garrafa_1/aum_mask_(112).png
226,232.0,155.0,564.0,270.0,113.0,images/garrafa_1/prod_(113).png,output/garrafa_1/mask_(113).png
227,370.5,117.9,662.7,219.1,113.0,output/garrafa_1/aum_(113).png,output/garrafa_1/aum_mask_(113).png
228,222.0,147.0,559.0,262.0,114.0,images/garrafa_1/prod_(114).png,output/garrafa_1/mask_(114).png
229,291.4,197.1,409.3,237.4,114.0,output/garrafa_1/aum_(114).png,output/garrafa_1/aum_mask_(114).png
230,212.0,140.0,562.0,253.0,115.0,images/garrafa_1/prod_(115).png,output/garrafa_1/mask_(115).png
231,276.2,221.6,479.2,287.1,115.0,output/garrafa_1/aum_(115).png,output/garrafa_1/aum_mask_(115).png
232,209.0,131.0,559.0,250.0,116.0,images/garrafa_1/prod_(116).png,output/garrafa_1/mask_(116).png
233,122.4,200.5,360.4,281.4,116.0,output/garrafa_1/aum_(116).png,output/garrafa_1/aum_mask_(116).png
234,206.0,129.0,559.0,242.0,117.0,images/garrafa_1/prod_(117).png,output/garrafa_1/mask_(117).png
235,345.5,145.7,582.0,221.4,117.0,output/garrafa_1/aum_(117).png,output/garrafa_1/aum_mask_(117).png
236,205.0,125.0,554.0,244.0,118.0,images/garrafa_1/prod_(118).png,output/garrafa_1/mask_(118).png
237,244.0,140.8,376.6,186.0,118.0,output/garrafa_1/aum_(118).png,output/garrafa_1/aum_mask_(118).png
238,202.0,125.0,551.0,241.0,119.0,images/garrafa_1/prod_(119).png,output/garrafa_1/mask_(119).png
239,413.3,112.4,497.1,140.3,119.0,output/garrafa_1/aum_(119).png,output/garrafa_1/aum_mask_(119).png
240,191.0,126.0,540.0,241.0,120.0,images/garrafa_1/prod_(120).png,output/garrafa_1/mask_(120).png
241,240.8,160.8,506.1,248.2,120.0,output/garrafa_1/aum_(120).png,output/garrafa_1/aum_mask_(120).png
242,187.0,129.0,536.0,248.0,121.0,images/garrafa_1/prod_(121).png,output/garrafa_1/mask_(121).png
243,126.3,210.7,332.2,280.9,121.0,output/garrafa_1/aum_(121).png,output/garrafa_1/aum_mask_(121).png
244,188.0,134.0,535.0,250.0,122.0,images/garrafa_1/prod_(122).png,output/garrafa_1/mask_(122).png
245,258.3,160.4,404.0,209.1,122.0,output/garrafa_1/aum_(122).png,output/garrafa_1/aum_mask_(122).png
246,185.0,147.0,523.0,256.0,123.0,images/garrafa_1/prod_(123).png,output/garrafa_1/mask_(123).png
247,353.2,96.3,542.5,157.3,123.0,output/garrafa_1/aum_(123).png,output/garrafa_1/aum_mask_(123).png
248,174.0,150.0,515.0,261.0,124.0,images/garrafa_1/prod_(124).png,output/garrafa_1/mask_(124).png
249,204.5,102.0,429.5,175.3,124.0,output/garrafa_1/aum_(124).png,output/garrafa_1/aum_mask_(124).png
250,175.0,156.0,503.0,265.0,125.0,images/garrafa_1/prod_(125).png,output/garrafa_1/mask_(125).png
251,343.3,216.9,477.7,261.6,125.0,output/garrafa_1/aum_(125).png,output/garrafa_1/aum_mask_(125).png
252,174.0,166.0,493.0,268.0,126.0,images/garrafa_1/prod_(126).png,output/garrafa_1/mask_(126).png
253,257.1,213.2,477.2,283.6,126.0,output/garrafa_1/aum_(126).png,output/garrafa_1/aum_mask_(126).png
254,166.0,170.0,487.0,274.0,127.0,images/garrafa_1/prod_(127).png,output/garrafa_1/mask_(127).png
255,347.8,106.9,501.9,156.9,127.0,output/garrafa_1/aum_(127).png,output/garrafa_1/aum_mask_(127).png
256,160.0,172.0,484.0,280.0,128.0,images/garrafa_1/prod_(128).png,output/garrafa_1/mask_(128).png
257,306.9,200.9,462.5,252.7,128.0,output/garrafa_1/aum_(128).png,output/garrafa_1/aum_mask_(128).png
258,159.0,179.0,487.0,286.0,129.0,images/garrafa_1/prod_(129).png,output/garrafa_1/mask_(129).png
259,229.3,121.3,360.5,164.1,129.0,output/garrafa_1/aum_(129).png,output/garrafa_1/aum_mask_(129).png
260,159.0,185.0,484.0,288.0,130.0,images/garrafa_1/prod_(130).png,output/garrafa_1/mask_(130).png
261,243.6,211.3,409.4,263.8,130.0,output/garrafa_1/aum_(130).png,output/garrafa_1/aum_mask_(130).png
262,155.0,189.0,479.0,293.0,131.0,images/garrafa_1/prod_(131).png,output/garrafa_1/mask_(131).png
263,274.3,201.2,400.7,241.8,131.0,output/garrafa_1/aum_(131).png,output/garrafa_1/aum_mask_(131).png
264,146.0,190.0,468.0,294.0,132.0,images/garrafa_1/prod_(132).png,output/garrafa_1/mask_(132).png
265,178.2,191.5,332.8,241.5,132.0,output/garrafa_1/aum_(132).png,output/garrafa_1/aum_mask_(132).png
266,139.0,192.0,461.0,294.0,133.0,images/garrafa_1/prod_(133).png,output/garrafa_1/mask_(133).png
267,126.3,212.2,403.2,300.0,133.0,output/garrafa_1/aum_(133).png,output/garrafa_1/aum_mask_(133).png
268,135.0,192.0,455.0,294.0,134.0,images/garrafa_1/prod_(134).png,output/garrafa_1/mask_(134).png
269,191.1,123.2,491.9,219.1,134.0,output/garrafa_1/aum_(134).png,output/garrafa_1/aum_mask_(134).png
270,124.0,189.0,452.0,300.0,135.0,images/garrafa_1/prod_(135).png,output/garrafa_1/mask_(135).png
271,117.6,134.0,412.8,234.0,135.0,output/garrafa_1/aum_(135).png,output/garrafa_1/aum_mask_(135).png
272,127.0,192.0,453.0,299.0,136.0,images/garrafa_1/prod_(136).png,output/garrafa_1/mask_(136).png
273,275.0,226.6,382.6,261.9,136.0,output/garrafa_1/aum_(136).png,output/garrafa_1/aum_mask_(136).png
274,118.0,190.0,451.0,301.0,137.0,images/garrafa_1/prod_(137).png,output/garrafa_1/mask_(137).png
275,347.2,156.7,417.1,180.0,137.0,output/garrafa_1/aum_(137).png,output/garrafa_1/aum_mask_(137).png
276,125.0,190.0,455.0,296.0,138.0,images/garrafa_1/prod_(138).png,output/garrafa_1/mask_(138).png
277,45.6,122.4,293.1,201.9,138.0,output/garrafa_1/aum_(138).png,output/garrafa_1/aum_mask_(138).png
278,127.0,184.0,460.0,291.0,139.0,images/garrafa_1/prod_(139).png,output/garrafa_1/mask_(139).png
279,90.0,205.4,376.3,297.4,139.0,output/garrafa_1/aum_(139).png,output/garrafa_1/aum_mask_(139).png
280,130.0,174.0,467.0,289.0,140.0,images/garrafa_1/prod_(140).png,output/garrafa_1/mask_(140).png
281,48.8,203.6,348.8,306.0,140.0,output/garrafa_1/aum_(140).png,output/garrafa_1/aum_mask_(140).png
282,130.0,169.0,465.0,283.0,141.0,images/garrafa_1/prod_(141).png,output/garrafa_1/mask_(141).png
283,243.0,193.0,514.4,285.3,141.0,output/garrafa_1/aum_(141).png,output/garrafa_1/aum_mask_(141).png
284,131.0,166.0,461.0,277.0,142.0,images/garrafa_1/prod_(142).png,output/garrafa_1/mask_(142).png
285,257.0,165.5,501.2,247.6,142.0,output/garrafa_1/aum_(142).png,output/garrafa_1/aum_mask_(142).png
286,126.0,160.0,469.0,270.0,143.0,images/garrafa_1/prod_(143).png,output/garrafa_1/mask_(143).png
287,274.4,231.6,377.4,264.6,143.0,output/garrafa_1/aum_(143).png,output/garrafa_1/aum_mask_(143).png
288,131.0,151.0,468.0,267.0,144.0,images/garrafa_1/prod_(144).png,output/garrafa_1/mask_(144).png
289,78.7,229.5,291.1,302.6,144.0,output/garrafa_1/aum_(144).png,output/garrafa_1/aum_mask_(144).png
290,134.0,152.0,469.0,260.0,145.0,images/garrafa_1/prod_(145).png,output/garrafa_1/mask_(145).png
291,220.2,121.2,491.6,208.7,145.0,output/garrafa_1/aum_(145).png,output/garrafa_1/aum_mask_(145).png
292,133.0,147.0,475.0,257.0,146.0,images/garrafa_1/prod_(146).png,output/garrafa_1/mask_(146).png
293,275.3,133.4,497.6,204.9,146.0,output/garrafa_1/aum_(146).png,output/garrafa_1/aum_mask_(146).png
294,141.0,143.0,476.0,256.0,147.0,images/garrafa_1/prod_(147).png,output/garrafa_1/mask_(147).png
295,213.0,185.5,424.1,256.7,147.0,output/garrafa_1/aum_(147).png,output/garrafa_1/aum_mask_(147).png
296,135.0,140.0,480.0,251.0,148.0,images/garrafa_1/prod_(148).png,output/garrafa_1/mask_(148).png
297,174.2,138.6,277.6,172.0,148.0,output/garrafa_1/aum_(148).png,output/garrafa_1/aum_mask_(148).png
298,135.0,136.0,484.0,249.0,149.0,images/garrafa_1/prod_(149).png,output/garrafa_1/mask_(149).png
299,111.6,163.6,383.8,251.7,149.0,output/garrafa_1/aum_(149).png,output/garrafa_1/aum_mask_(149).png
300,139.0,130.0,480.0,246.0,150.0,images/garrafa_1/prod_(150).png,output/garrafa_1/mask_(150).png
301,46.6,199.0,380.8,312.7,150.0,output/garrafa_1/aum_(150).png,output/garrafa_1/aum_mask_(150).png
302,142.0,133.0,481.0,241.0,151.0,images/garrafa_1/prod_(151).png,output/garrafa_1/mask_(151).png
303,171.0,209.8,343.9,264.9,151.0,output/garrafa_1/aum_(151).png,output/garrafa_1/aum_mask_(151).png
304,138.0,128.0,485.0,241.0,152.0,images/garrafa_1/prod_(152).png,output/garrafa_1/mask_(152).png
305,109.2,212.1,327.8,283.2,152.0,output/garrafa_1/aum_(152).png,output/garrafa_1/aum_mask_(152).png
306,142.0,125.0,487.0,235.0,153.0,images/garrafa_1/prod_(153).png,output/garrafa_1/mask_(153).png
307,116.5,120.0,423.6,217.9,153.0,output/garrafa_1/aum_(153).png,output/garrafa_1/aum_mask_(153).png
308,137.0,119.0,488.0,234.0,154.0,images/garrafa_1/prod_(154).png,output/garrafa_1/mask_(154).png
309,132.5,159.0,332.5,224.6,154.0,output/garrafa_1/aum_(154).png,output/garrafa_1/aum_mask_(154).png
310,137.0,113.0,489.0,230.0,155.0,images/garrafa_1/prod_(155).png,output/garrafa_1/mask_(155).png
311,356.2,200.2,532.2,258.8,155.0,output/garrafa_1/aum_(155).png,output/garrafa_1/aum_mask_(155).png
312,138.0,107.0,484.0,217.0,156.0,images/garrafa_1/prod_(156).png,output/garrafa_1/mask_(156).png
313,208.2,130.4,408.9,194.2,156.0,output/garrafa_1/aum_(156).png,output/garrafa_1/aum_mask_(156).png
314,127.0,93.0,489.0,213.0,157.0,images/garrafa_1/prod_(157).png,output/garrafa_1/mask_(157).png
315,101.2,190.2,282.2,250.2,157.0,output/garrafa_1/aum_(157).png,output/garrafa_1/aum_mask_(157).png
316,124.0,84.0,485.0,202.0,158.0,images/garrafa_1/prod_(158).png,output/garrafa_1/mask_(158).png
317,361.3,147.3,509.4,195.7,158.0,output/garrafa_1/aum_(158).png,output/garrafa_1/aum_mask_(158).png
318,133.0,71.0,488.0,188.0,159.0,images/garrafa_1/prod_(159).png,output/garrafa_1/mask_(159).png
319,258.6,85.4,471.6,155.6,159.0,output/garrafa_1/aum_(159).png,output/garrafa_1/aum_mask_(159).png
320,122.0,64.0,489.0,187.0,160.0,images/garrafa_1/prod_(160).png,output/garrafa_1/mask_(160).png
321,83.6,71.5,391.9,174.8,160.0,output/garrafa_1/aum_(160).png,output/garrafa_1/aum_mask_(160).png
322,125.0,62.0,494.0,182.0,161.0,images/garrafa_1/prod_(161).png,output/garrafa_1/mask_(161).png
323,118.3,148.6,306.5,209.8,161.0,output/garrafa_1/aum_(161).png,output/garrafa_1/aum_mask_(161).png
324,117.0,65.0,480.0,187.0,162.0,images/garrafa_1/prod_(162).png,output/garrafa_1/mask_(162).png
325,189.5,15.9,479.9,113.5,162.0,output/garrafa_1/aum_(162).png,output/garrafa_1/aum_mask_(162).png
326,122.0,74.0,483.0,188.0,163.0,images/garrafa_1/prod_(163).png,output/garrafa_1/mask_(163).png
327,230.7,145.7,544.7,244.9,163.0,output/garrafa_1/aum_(163).png,output/garrafa_1/aum_mask_(163).png
328,116.0,85.0,479.0,202.0,164.0,images/garrafa_1/prod_(164).png,output/garrafa_1/mask_(164).png
329,60.0,96.9,419.4,212.8,164.0,output/garrafa_1/aum_(164).png,output/garrafa_1/aum_mask_(164).png
330,122.0,93.0,479.0,209.0,165.0,images/garrafa_1/prod_(165).png,output/garrafa_1/mask_(165).png
331,199.5,110.3,485.1,203.1,165.0,output/garrafa_1/aum_(165).png,output/garrafa_1/aum_mask_(165).png
332,120.0,102.0,474.0,217.0,166.0,images/garrafa_1/prod_(166).png,output/garrafa_1/mask_(166).png
333,222.8,73.5,428.1,140.2,166.0,output/garrafa_1/aum_(166).png,output/garrafa_1/aum_mask_(166).png
334,119.0,103.0,465.0,221.0,167.0,images/garrafa_1/prod_(167).png,output/garrafa_1/mask_(167).png
335,309.2,145.2,482.2,204.2,167.0,output/garrafa_1/aum_(167).png,output/garrafa_1/aum_mask_(167).png
336,116.0,103.0,457.0,219.0,168.0,images/garrafa_1/prod_(168).png,output/garrafa_1/mask_(168).png
337,77.2,82.6,397.8,191.6,168.0,output/garrafa_1/aum_(168).png,output/garrafa_1/aum_mask_(168).png
338,109.0,108.0,459.0,218.0,169.0,images/garrafa_1/prod_(169).png,output/garrafa_1/mask_(169).png
339,176.7,115.6,435.7,197.0,169.0,output/garrafa_1/aum_(169).png,output/garrafa_1/aum_mask_(169).png
340,101.0,111.0,452.0,224.0,170.0,images/garrafa_1/prod_(170).png,output/garrafa_1/mask_(170).png
341,105.4,109.4,316.0,177.2,170.0,output/garrafa_1/aum_(170).png,output/garrafa_1/aum_mask_(170).png
342,107.0,116.0,457.0,229.0,171.0,images/garrafa_1/prod_(171).png,output/garrafa_1/mask_(171).png
343,304.8,111.5,381.8,136.4,171.0,output/garrafa_1/aum_(171).png,output/garrafa_1/aum_mask_(171).png
344,119.0,125.0,461.0,231.0,172.0,images/garrafa_1/prod_(172).png,output/garrafa_1/mask_(172).png
345,276.4,186.2,372.1,215.9,172.0,output/garrafa_1/aum_(172).png,output/garrafa_1/aum_mask_(172).png
346,127.0,134.0,465.0,241.0,173.0,images/garrafa_1/prod_(173).png,output/garrafa_1/mask_(173).png
347,96.7,122.0,286.0,181.9,173.0,output/garrafa_1/aum_(173).png,output/garrafa_1/aum_mask_(173).png
348,132.0,143.0,468.0,250.0,174.0,images/garrafa_1/prod_(174).png,output/garrafa_1/mask_(174).png
349,390.9,129.6,481.6,158.5,174.0,output/garrafa_1/aum_(174).png,output/garrafa_1/aum_mask_(174).png
350,137.0,152.0,473.0,259.0,175.0,images/garrafa_1/prod_(175).png,output/garrafa_1/mask_(175).png
351,166.7,187.6,459.0,280.7,175.0,output/garrafa_1/aum_(175).png,output/garrafa_1/aum_mask_(175).png
352,140.0,153.0,479.0,265.0,176.0,images/garrafa_1/prod_(176).png,output/garrafa_1/mask_(176).png
353,237.8,214.3,573.4,325.1,176.0,output/garrafa_1/aum_(176).png,output/garrafa_1/aum_mask_(176).png
354,150.0,164.0,483.0,270.0,177.0,images/garrafa_1/prod_(177).png,output/garrafa_1/mask_(177).png
355,146.7,153.3,323.2,209.5,177.0,output/garrafa_1/aum_(177).png,output/garrafa_1/aum_mask_(177).png
356,148.0,168.0,478.0,275.0,178.0,images/garrafa_1/prod_(178).png,output/garrafa_1/mask_(178).png
357,274.9,192.1,545.5,279.8,178.0,output/garrafa_1/aum_(178).png,output/garrafa_1/aum_mask_(178).png
358,147.0,175.0,472.0,279.0,179.0,images/garrafa_1/prod_(179).png,output/garrafa_1/mask_(179).png
359,227.2,237.9,412.4,297.2,179.0,output/garrafa_1/aum_(179).png,output/garrafa_1/aum_mask_(179).png
360,145.0,180.0,469.0,284.0,180.0,images/garrafa_1/prod_(180).png,output/garrafa_1/mask_(180).png
361,131.8,233.8,313.2,292.0,180.0,output/garrafa_1/aum_(180).png,output/garrafa_1/aum_mask_(180).png
362,142.0,179.0,465.0,289.0,181.0,images/garrafa_1/prod_(181).png,output/garrafa_1/mask_(181).png
363,186.3,139.2,370.4,201.9,181.0,output/garrafa_1/aum_(181).png,output/garrafa_1/aum_mask_(181).png
364,142.0,185.0,468.0,289.0,182.0,images/garrafa_1/prod_(182).png,output/garrafa_1/mask_(182).png
365,103.4,220.6,406.6,317.3,182.0,output/garrafa_1/aum_(182).png,output/garrafa_1/aum_mask_(182).png
366,141.0,189.0,465.0,294.0,183.0,images/garrafa_1/prod_(183).png,output/garrafa_1/mask_(183).png
367,182.7,144.1,441.9,228.1,183.0,output/garrafa_1/aum_(183).png,output/garrafa_1/aum_mask_(183).png
368,138.0,192.0,462.0,297.0,184.0,images/garrafa_1/prod_(184).png,output/garrafa_1/mask_(184).png
369,153.3,226.1,325.0,281.8,184.0,output/garrafa_1/aum_(184).png,output/garrafa_1/aum_mask_(184).png
370,136.0,194.0,460.0,299.0,185.0,images/garrafa_1/prod_(185).png,output/garrafa_1/mask_(185).png
371,246.3,118.3,398.5,167.7,185.0,output/garrafa_1/aum_(185).png,output/garrafa_1/aum_mask_(185).png
372,137.0,195.0,462.0,300.0,186.0,images/garrafa_1/prod_(186).png,output/garrafa_1/mask_(186).png
373,396.2,189.8,464.4,211.8,186.0,output/garrafa_1/aum_(186).png,output/garrafa_1/aum_mask_(186).png
374,114.0,185.0,432.0,292.0,187.0,images/garrafa_1/prod_(187).png,output/garrafa_1/mask_(187).png
375,163.0,247.0,306.1,295.1,187.0,output/garrafa_1/aum_(187).png,output/garrafa_1/aum_mask_(187).png
376,113.0,185.0,435.0,293.0,188.0,images/garrafa_1/prod_(188).png,output/garrafa_1/mask_(188).png
377,142.5,121.9,339.0,187.7,188.0,output/garrafa_1/aum_(188).png,output/garrafa_1/aum_mask_(188).png
378,114.0,185.0,434.0,293.0,189.0,images/garrafa_1/prod_(189).png,output/garrafa_1/mask_(189).png
379,250.4,112.6,548.0,213.1,189.0,output/garrafa_1/aum_(189).png,output/garrafa_1/aum_mask_(189).png
380,113.0,185.0,433.0,293.0,190.0,images/garrafa_1/prod_(190).png,output/garrafa_1/mask_(190).png
381,24.6,188.4,312.6,285.6,190.0,output/garrafa_1/aum_(190).png,output/garrafa_1/aum_mask_(190).png
382,114.0,185.0,432.0,295.0,191.0,images/garrafa_1/prod_(191).png,output/garrafa_1/mask_(191).png
383,190.9,142.1,340.4,193.8,191.0,output/garrafa_1/aum_(191).png,output/garrafa_1/aum_mask_(191).png
384,115.0,187.0,432.0,294.0,192.0,images/garrafa_1/prod_(192).png,output/garrafa_1/mask_(192).png
385,101.4,240.3,389.9,337.7,192.0,output/garrafa_1/aum_(192).png,output/garrafa_1/aum_mask_(192).png
386,115.0,187.0,432.0,295.0,193.0,images/garrafa_1/prod_(193).png,output/garrafa_1/mask_(193).png
387,252.6,213.0,316.0,234.6,193.0,output/garrafa_1/aum_(193).png,output/garrafa_1/aum_mask_(193).png
388,115.0,187.0,432.0,294.0,194.0,images/garrafa_1/prod_(194).png,output/garrafa_1/mask_(194).png
389,133.3,172.6,431.2,273.1,194.0,output/garrafa_1/aum_(194).png,output/garrafa_1/aum_mask_(194).png
390,114.0,185.0,433.0,294.0,195.0,images/garrafa_1/prod_(195).png,output/garrafa_1/mask_(195).png
391,170.2,176.8,243.6,201.8,195.0,output/garrafa_1/aum_(195).png,output/garrafa_1/aum_mask_(195).png
392,115.0,185.0,433.0,292.0,196.0,images/garrafa_1/prod_(196).png,output/garrafa_1/mask_(196).png
393,138.2,164.3,300.4,218.9,196.0,output/garrafa_1/aum_(196).png,output/garrafa_1/aum_mask_(196).png
394,121.0,184.0,434.0,289.0,197.0,images/garrafa_1/prod_(197).png,output/garrafa_1/mask_(197).png
395,202.9,215.6,487.7,311.1,197.0,output/garrafa_1/aum_(197).png,output/garrafa_1/aum_mask_(197).png
396,129.0,181.0,439.0,287.0,198.0,images/garrafa_1/prod_(198).png,output/garrafa_1/mask_(198).png
397,277.6,143.8,345.8,167.1,198.0,output/garrafa_1/aum_(198).png,output/garrafa_1/aum_mask_(198).png
398,134.0,182.0,442.0,287.0,199.0,images/garrafa_1/prod_(199).png,output/garrafa_1/mask_(199).png
399,260.1,235.7,528.1,327.0,199.0,output/garrafa_1/aum_(199).png,output/garrafa_1/aum_mask_(199).png
400,130.0,181.0,437.0,285.0,200.0,images/garrafa_1/prod_(200).png,output/garrafa_1/mask_(200).png
401,111.0,144.8,387.2,238.4,200.0,output/garrafa_1/aum_(200).png,output/garrafa_1/aum_mask_(200).png
402,129.0,180.0,435.0,281.0,201.0,images/garrafa_1/prod_(201).png,output/garrafa_1/mask_(201).png
403,188.7,244.8,357.0,300.3,201.0,output/garrafa_1/aum_(201).png,output/garrafa_1/aum_mask_(201).png
404,132.0,177.0,439.0,278.0,202.0,images/garrafa_1/prod_(202).png,output/garrafa_1/mask_(202).png
405,225.2,131.8,317.4,162.0,202.0,output/garrafa_1/aum_(202).png,output/garrafa_1/aum_mask_(202).png
406,135.0,173.0,443.0,275.0,203.0,images/garrafa_1/prod_(203).png,output/garrafa_1/mask_(203).png
407,250.1,110.5,441.1,173.7,203.0,output/garrafa_1/aum_(203).png,output/garrafa_1/aum_mask_(203).png
408,135.0,170.0,445.0,276.0,204.0,images/garrafa_1/prod_(204).png,output/garrafa_1/mask_(204).png
409,284.3,214.1,461.0,274.5,204.0,output/garrafa_1/aum_(204).png,output/garrafa_1/aum_mask_(204).png
410,144.0,170.0,450.0,270.0,205.0,images/garrafa_1/prod_(205).png,output/garrafa_1/mask_(205).png
411,146.8,181.9,425.3,272.9,205.0,output/garrafa_1/aum_(205).png,output/garrafa_1/aum_mask_(205).png
412,148.0,168.0,452.0,269.0,206.0,images/garrafa_1/prod_(206).png,output/garrafa_1/mask_(206).png
413,262.0,117.2,374.5,154.6,206.0,output/garrafa_1/aum_(206).png,output/garrafa_1/aum_mask_(206).png
414,152.0,167.0,456.0,268.0,207.0,images/garrafa_1/prod_(207).png,output/garrafa_1/mask_(207).png
415,383.0,115.6,452.9,138.9,207.0,output/garrafa_1/aum_(207).png,output/garrafa_1/aum_mask_(207).png
416,155.0,165.0,460.0,266.0,208.0,images/garrafa_1/prod_(208).png,output/garrafa_1/mask_(208).png
417,332.5,123.5,521.6,186.1,208.0,output/garrafa_1/aum_(208).png,output/garrafa_1/aum_mask_(208).png
418,158.0,168.0,465.0,268.0,209.0,images/garrafa_1/prod_(209).png,output/garrafa_1/mask_(209).png
419,149.8,173.3,423.0,262.3,209.0,output/garrafa_1/aum_(209).png,output/garrafa_1/aum_mask_(209).png
420,160.0,169.0,465.0,269.0,210.0,images/garrafa_1/prod_(210).png,output/garrafa_1/mask_(210).png
421,244.5,171.2,485.4,250.2,210.0,output/garrafa_1/aum_(210).png,output/garrafa_1/aum_mask_(210).png
422,166.0,167.0,467.0,268.0,211.0,images/garrafa_1/prod_(211).png,output/garrafa_1/mask_(211).png
423,196.8,242.0,425.6,318.8,211.0,output/garrafa_1/aum_(211).png,output/garrafa_1/aum_mask_(211).png
424,169.0,166.0,474.0,267.0,212.0,images/garrafa_1/prod_(212).png,output/garrafa_1/mask_(212).png
425,291.3,224.6,401.1,261.0,212.0,output/garrafa_1/aum_(212).png,output/garrafa_1/aum_mask_(212).png
426,175.0,165.0,476.0,264.0,213.0,images/garrafa_1/prod_(213).png,output/garrafa_1/mask_(213).png
427,115.1,202.0,395.0,294.1,213.0,output/garrafa_1/aum_(213).png,output/garrafa_1/aum_mask_(213).png
428,175.0,166.0,478.0,266.0,214.0,images/garrafa_1/prod_(214).png,output/garrafa_1/mask_(214).png
429,357.9,232.1,545.8,294.1,214.0,output/garrafa_1/aum_(214).png,output/garrafa_1/aum_mask_(214).png
430,174.0,165.0,475.0,264.0,215.0,images/garrafa_1/prod_(215).png,output/garrafa_1/mask_(215).png
431,351.4,164.8,510.9,217.3,215.0,output/garrafa_1/aum_(215).png,output/garrafa_1/aum_mask_(215).png
432,172.0,164.0,472.0,263.0,216.0,images/garrafa_1/prod_(216).png,output/garrafa_1/mask_(216).png
433,254.5,209.3,374.5,248.9,216.0,output/garrafa_1/aum_(216).png,output/garrafa_1/aum_mask_(216).png
434,170.0,160.0,470.0,258.0,217.0,images/garrafa_1/prod_(217).png,output/garrafa_1/mask_(217).png
435,279.1,127.2,360.1,153.7,217.0,output/garrafa_1/aum_(217).png,output/garrafa_1/aum_mask_(217).png
436,170.0,162.0,471.0,260.0,218.0,images/garrafa_1/prod_(218).png,output/garrafa_1/mask_(218).png
437,131.9,199.2,342.6,267.8,218.0,output/garrafa_1/aum_(218).png,output/garrafa_1/aum_mask_(218).png
438,175.0,152.0,479.0,256.0,219.0,images/garrafa_1/prod_(219).png,output/garrafa_1/mask_(219).png
439,291.0,179.0,540.3,264.2,219.0,output/garrafa_1/aum_(219).png,output/garrafa_1/aum_mask_(219).png
440,184.0,152.0,476.0,250.0,220.0,images/garrafa_1/prod_(220).png,output/garrafa_1/mask_(220).png
441,181.6,188.3,353.8,246.1,220.0,output/garrafa_1/aum_(220).png,output/garrafa_1/aum_mask_(220).png
442,180.0,146.0,475.0,244.0,221.0,images/garrafa_1/prod_(221).png,output/garrafa_1/mask_(221).png
443,250.2,173.7,424.2,231.6,221.0,output/garrafa_1/aum_(221).png,output/garrafa_1/aum_mask_(221).png
444,171.0,139.0,465.0,236.0,222.0,images/garrafa_1/prod_(222).png,output/garrafa_1/mask_(222).png
445,370.2,113.1,511.3,159.6,222.0,output/garrafa_1/aum_(222).png,output/garrafa_1/aum_mask_(222).png
446,163.0,132.0,458.0,230.0,223.0,images/garrafa_1/prod_(223).png,output/garrafa_1/mask_(223).png
447,274.4,153.6,348.1,178.1,223.0,output/garrafa_1/aum_(223).png,output/garrafa_1/aum_mask_(223).png
448,155.0,128.0,451.0,226.0,224.0,images/garrafa_1/prod_(224).png,output/garrafa_1/mask_(224).png
449,355.5,215.8,497.6,262.8,224.0,output/garrafa_1/aum_(224).png,output/garrafa_1/aum_mask_(224).png
450,143.0,126.0,442.0,223.0,225.0,images/garrafa_1/prod_(225).png,output/garrafa_1/mask_(225).png
451,310.9,221.2,379.7,243.5,225.0,output/garrafa_1/aum_(225).png,output/garrafa_1/aum_mask_(225).png
452,139.0,121.0,433.0,218.0,226.0,images/garrafa_1/prod_(226).png,output/garrafa_1/mask_(226).png
453,248.9,66.4,510.5,152.8,226.0,output/garrafa_1/aum_(226).png,output/garrafa_1/aum_mask_(226).png
454,131.0,116.0,427.0,213.0,227.0,images/garrafa_1/prod_(227).png,output/garrafa_1/mask_(227).png
455,182.1,169.6,377.4,233.6,227.0,output/garrafa_1/aum_(227).png,output/garrafa_1/aum_mask_(227).png
456,125.0,110.0,421.0,207.0,228.0,images/garrafa_1/prod_(228).png,output/garrafa_1/mask_(228).png
457,154.6,102.4,376.6,175.1,228.0,output/garrafa_1/aum_(228).png,output/garrafa_1/aum_mask_(228).png
458,115.0,102.0,414.0,199.0,229.0,images/garrafa_1/prod_(229).png,output/garrafa_1/mask_(229).png
459,200.9,158.6,308.5,193.5,229.0,output/garrafa_1/aum_(229).png,output/garrafa_1/aum_mask_(229).png
460,111.0,96.0,409.0,196.0,230.0,images/garrafa_1/prod_(230).png,output/garrafa_1/mask_(230).png
461,53.0,103.0,351.0,203.0,230.0,output/garrafa_1/aum_(230).png,output/garrafa_1/aum_mask_(230).png
462,101.0,93.0,401.0,194.0,231.0,images/garrafa_1/prod_(231).png,output/garrafa_1/mask_(231).png
463,221.3,149.8,338.3,189.2,231.0,output/garrafa_1/aum_(231).png,output/garrafa_1/aum_mask_(231).png
464,95.0,99.0,396.0,197.0,232.0,images/garrafa_1/prod_(232).png,output/garrafa_1/mask_(232).png
465,281.3,208.0,443.8,261.0,232.0,output/garrafa_1/aum_(232).png,output/garrafa_1/aum_mask_(232).png
466,91.0,108.0,388.0,206.0,233.0,images/garrafa_1/prod_(233).png,output/garrafa_1/mask_(233).png
467,235.7,87.3,410.9,145.1,233.0,output/garrafa_1/aum_(233).png,output/garrafa_1/aum_mask_(233).png
468,88.0,117.0,379.0,218.0,234.0,images/garrafa_1/prod_(234).png,output/garrafa_1/mask_(234).png
469,222.3,103.5,408.6,168.1,234.0,output/garrafa_1/aum_(234).png,output/garrafa_1/aum_mask_(234).png
470,88.0,129.0,377.0,224.0,235.0,images/garrafa_1/prod_(235).png,output/garrafa_1/mask_(235).png
471,89.2,118.2,256.8,173.3,235.0,output/garrafa_1/aum_(235).png,output/garrafa_1/aum_mask_(235).png
472,92.0,134.0,374.0,227.0,236.0,images/garrafa_1/prod_(236).png,output/garrafa_1/mask_(236).png
473,325.3,110.7,460.7,155.3,236.0,output/garrafa_1/aum_(236).png,output/garrafa_1/aum_mask_(236).png
474,100.0,131.0,379.0,224.0,237.0,images/garrafa_1/prod_(237).png,output/garrafa_1/mask_(237).png
475,224.4,188.9,297.0,213.1,237.0,output/garrafa_1/aum_(237).png,output/garrafa_1/aum_mask_(237).png
476,108.0,129.0,386.0,222.0,238.0,images/garrafa_1/prod_(238).png,output/garrafa_1/mask_(238).png
477,145.2,149.8,248.1,184.2,238.0,output/garrafa_1/aum_(238).png,output/garrafa_1/aum_mask_(238).png
478,113.0,124.0,390.0,216.0,239.0,images/garrafa_1/prod_(239).png,output/garrafa_1/mask_(239).png
479,359.5,223.8,442.6,251.4,239.0,output/garrafa_1/aum_(239).png,output/garrafa_1/aum_mask_(239).png
480,116.0,117.0,393.0,212.0,240.0,images/garrafa_1/prod_(240).png,output/garrafa_1/mask_(240).png
481,36.3,144.0,291.1,231.4,240.0,output/garrafa_1/aum_(240).png,output/garrafa_1/aum_mask_(240).png
482,121.0,115.0,404.0,212.0,241.0,images/garrafa_1/prod_(241).png,output/garrafa_1/mask_(241).png
483,286.7,172.2,507.4,247.8,241.0,output/garrafa_1/aum_(241).png,output/garrafa_1/aum_mask_(241).png
484,131.0,115.0,412.0,213.0,242.0,images/garrafa_1/prod_(242).png,output/garrafa_1/mask_(242).png
485,334.3,226.2,427.0,258.6,242.0,output/garrafa_1/aum_(242).png,output/garrafa_1/aum_mask_(242).png
486,141.0,117.0,424.0,216.0,243.0,images/garrafa_1/prod_(243).png,output/garrafa_1/mask_(243).png
487,218.4,182.0,388.2,241.4,243.0,output/garrafa_1/aum_(243).png,output/garrafa_1/aum_mask_(243).png
488,149.0,121.0,435.0,221.0,244.0,images/garrafa_1/prod_(244).png,output/garrafa_1/mask_(244).png
489,195.0,152.7,306.5,191.7,244.0,output/garrafa_1/aum_(244).png,output/garrafa_1/aum_mask_(244).png
490,154.0,124.0,448.0,224.0,245.0,images/garrafa_1/prod_(245).png,output/garrafa_1/mask_(245).png
491,246.9,149.3,523.3,243.3,245.0,output/garrafa_1/aum_(245).png,output/garrafa_1/aum_mask_(245).png
492,162.0,124.0,457.0,228.0,246.0,images/garrafa_1/prod_(246).png,output/garrafa_1/mask_(246).png
493,175.2,129.2,325.6,182.2,246.0,output/garrafa_1/aum_(246).png,output/garrafa_1/aum_mask_(246).png
494,167.0,126.0,470.0,231.0,247.0,images/garrafa_1/prod_(247).png,output/garrafa_1/mask_(247).png
495,246.4,167.2,316.1,191.3,247.0,output/garrafa_1/aum_(247).png,output/garrafa_1/aum_mask_(247).png
496,173.0,124.0,476.0,233.0,248.0,images/garrafa_1/prod_(248).png,output/garrafa_1/mask_(248).png
497,306.0,191.1,439.4,239.0,248.0,output/garrafa_1/aum_(248).png,output/garrafa_1/aum_mask_(248).png
498,174.0,113.0,485.0,230.0,249.0,images/garrafa_1/prod_(249).png,output/garrafa_1/mask_(249).png
499,220.8,92.9,307.8,125.6,249.0,output/garrafa_1/aum_(249).png,output/garrafa_1/aum_mask_(249).png
500,170.0,106.0,498.0,228.0,250.0,images/garrafa_1/prod_(250).png,output/garrafa_1/mask_(250).png
501,184.3,168.8,410.7,253.0,250.0,output/garrafa_1/aum_(250).png,output/garrafa_1/aum_mask_(250).png
502,170.0,88.0,498.0,212.0,251.0,images/garrafa_1/prod_(251).png,output/garrafa_1/mask_(251).png
503,138.4,106.9,423.8,214.8,251.0,output/garrafa_1/aum_(251).png,output/garrafa_1/aum_mask_(251).png
504,157.0,83.0,497.0,202.0,252.0,images/garrafa_1/prod_(252).png,output/garrafa_1/mask_(252).png
505,151.5,129.5,341.9,196.1,252.0,output/garrafa_1/aum_(252).png,output/garrafa_1/aum_mask_(252).png
506,150.0,80.0,478.0,198.0,253.0,images/garrafa_1/prod_(253).png,output/garrafa_1/mask_(253).png
507,333.6,196.7,441.8,235.6,253.0,output/garrafa_1/aum_(253).png,output/garrafa_1/aum_mask_(253).png
508,136.0,83.0,469.0,202.0,254.0,images/garrafa_1/prod_(254).png,output/garrafa_1/mask_(254).png
509,146.7,80.3,413.1,175.5,254.0,output/garrafa_1/aum_(254).png,output/garrafa_1/aum_mask_(254).png
510,123.0,90.0,454.0,212.0,255.0,images/garrafa_1/prod_(255).png,output/garrafa_1/mask_(255).png
511,280.7,82.0,389.9,122.2,255.0,output/garrafa_1/aum_(255).png,output/garrafa_1/aum_mask_(255).png
512,116.0,88.0,445.0,213.0,256.0,images/garrafa_1/prod_(256).png,output/garrafa_1/mask_(256).png
513,327.5,186.3,511.8,256.3,256.0,output/garrafa_1/aum_(256).png,output/garrafa_1/aum_mask_(256).png
514,108.0,86.0,444.0,211.0,257.0,images/garrafa_1/prod_(257).png,output/garrafa_1/mask_(257).png
515,244.2,145.4,546.6,257.8,257.0,output/garrafa_1/aum_(257).png,output/garrafa_1/aum_mask_(257).png
516,115.0,85.0,448.0,203.0,258.0,images/garrafa_1/prod_(258).png,output/garrafa_1/mask_(258).png
517,200.9,163.5,320.8,206.0,258.0,output/garrafa_1/aum_(258).png,output/garrafa_1/aum_mask_(258).png
518,125.0,81.0,445.0,199.0,259.0,images/garrafa_1/prod_(259).png,output/garrafa_1/mask_(259).png
519,258.6,142.6,495.4,229.9,259.0,output/garrafa_1/aum_(259).png,output/garrafa_1/aum_mask_(259).png
520,128.0,82.0,450.0,196.0,260.0,images/garrafa_1/prod_(260).png,output/garrafa_1/mask_(260).png
521,168.9,70.8,336.4,130.1,260.0,output/garrafa_1/aum_(260).png,output/garrafa_1/aum_mask_(260).png
522,133.0,82.0,450.0,196.0,261.0,images/garrafa_1/prod_(261).png,output/garrafa_1/mask_(261).png
523,342.8,101.3,444.3,137.8,261.0,output/garrafa_1/aum_(261).png,output/garrafa_1/aum_mask_(261).png
524,137.0,84.0,450.0,200.0,262.0,images/garrafa_1/prod_(262).png,output/garrafa_1/mask_(262).png
525,72.6,65.4,341.7,165.1,262.0,output/garrafa_1/aum_(262).png,output/garrafa_1/aum_mask_(262).png
526,136.0,91.0,459.0,207.0,263.0,images/garrafa_1/prod_(263).png,output/garrafa_1/mask_(263).png
527,173.0,168.3,476.6,277.4,263.0,output/garrafa_1/aum_(263).png,output/garrafa_1/aum_mask_(263).png
528,148.0,98.0,458.0,211.0,264.0,images/garrafa_1/prod_(264).png,output/garrafa_1/mask_(264).png
529,263.6,81.5,514.7,173.0,264.0,output/garrafa_1/aum_(264).png,output/garrafa_1/aum_mask_(264).png
530,149.0,104.0,467.0,218.0,265.0,images/garrafa_1/prod_(265).png,output/garrafa_1/mask_(265).png
531,333.0,115.9,403.0,141.0,265.0,output/garrafa_1/aum_(265).png,output/garrafa_1/aum_mask_(265).png
532,161.0,108.0,479.0,221.0,266.0,images/garrafa_1/prod_(266).png,output/garrafa_1/mask_(266).png
533,146.2,215.3,289.3,266.2,266.0,output/garrafa_1/aum_(266).png,output/garrafa_1/aum_mask_(266).png
534,174.0,110.0,480.0,222.0,267.0,images/garrafa_1/prod_(267).png,output/garrafa_1/mask_(267).png
535,171.0,142.6,443.3,242.3,267.0,output/garrafa_1/aum_(267).png,output/garrafa_1/aum_mask_(267).png
536,186.0,112.0,490.0,224.0,268.0,images/garrafa_1/prod_(268).png,output/garrafa_1/mask_(268).png
537,317.4,177.2,408.6,210.8,268.0,output/garrafa_1/aum_(268).png,output/garrafa_1/aum_mask_(268).png
538,195.0,116.0,496.0,222.0,269.0,images/garrafa_1/prod_(269).png,output/garrafa_1/mask_(269).png
539,297.9,86.2,550.8,175.2,269.0,output/garrafa_1/aum_(269).png,output/garrafa_1/aum_mask_(269).png
540,202.0,120.0,506.0,225.0,270.0,images/garrafa_1/prod_(270).png,output/garrafa_1/mask_(270).png
541,391.1,211.9,537.0,262.3,270.0,output/garrafa_1/aum_(270).png,output/garrafa_1/aum_mask_(270).png
542,213.0,118.0,512.0,229.0,271.0,images/garrafa_1/prod_(271).png,output/garrafa_1/mask_(271).png
543,345.2,153.4,452.8,193.3,271.0,output/garrafa_1/aum_(271).png,output/garrafa_1/aum_mask_(271).png
544,207.0,122.0,514.0,232.0,272.0,images/garrafa_1/prod_(272).png,output/garrafa_1/mask_(272).png
545,144.9,171.0,307.6,229.3,272.0,output/garrafa_1/aum_(272).png,output/garrafa_1/aum_mask_(272).png
546,199.0,123.0,514.0,241.0,273.0,images/garrafa_1/prod_(273).png,output/garrafa_1/mask_(273).png
547,296.2,198.4,592.3,309.3,273.0,output/garrafa_1/aum_(273).png,output/garrafa_1/aum_mask_(273).png
548,194.0,127.0,516.0,245.0,274.0,images/garrafa_1/prod_(274).png,output/garrafa_1/mask_(274).png
549,119.2,197.8,338.1,278.0,274.0,output/garrafa_1/aum_(274).png,output/garrafa_1/aum_mask_(274).png
550,199.0,130.0,510.0,245.0,275.0,images/garrafa_1/prod_(275).png,output/garrafa_1/mask_(275).png
551,83.0,121.0,363.0,224.4,275.0,output/garrafa_1/aum_(275).png,output/garrafa_1/aum_mask_(275).png
552,195.0,130.0,509.0,249.0,276.0,images/garrafa_1/prod_(276).png,output/garrafa_1/mask_(276).png
553,329.7,130.7,480.5,187.9,276.0,output/garrafa_1/aum_(276).png,output/garrafa_1/aum_mask_(276).png
554,189.0,129.0,513.0,252.0,277.0,images/garrafa_1/prod_(277).png,output/garrafa_1/mask_(277).png
555,225.6,137.2,426.5,213.4,277.0,output/garrafa_1/aum_(277).png,output/garrafa_1/aum_mask_(277).png
556,194.0,131.0,510.0,255.0,278.0,images/garrafa_1/prod_(278).png,output/garrafa_1/mask_(278).png
557,213.3,90.2,352.3,144.7,278.0,output/garrafa_1/aum_(278).png,output/garrafa_1/aum_mask_(278).png
558,198.0,136.0,505.0,255.0,279.0,images/garrafa_1/prod_(279).png,output/garrafa_1/mask_(279).png
559,279.4,135.9,509.6,225.1,279.0,output/garrafa_1/aum_(279).png,output/garrafa_1/aum_mask_(279).png
560,194.0,138.0,501.0,258.0,280.0,images/garrafa_1/prod_(280).png,output/garrafa_1/mask_(280).png
561,277.9,197.9,489.7,280.7,280.0,output/garrafa_1/aum_(280).png,output/garrafa_1/aum_mask_(280).png
562,191.0,146.0,501.0,263.0,281.0,images/garrafa_1/prod_(281).png,output/garrafa_1/mask_(281).png
563,296.7,206.8,414.5,251.2,281.0,output/garrafa_1/aum_(281).png,output/garrafa_1/aum_mask_(281).png
564,190.0,143.0,500.0,263.0,282.0,images/garrafa_1/prod_(282).png,output/garrafa_1/mask_(282).png
565,330.1,206.1,596.7,309.3,282.0,output/garrafa_1/aum_(282).png,output/garrafa_1/aum_mask_(282).png
566,192.0,146.0,499.0,266.0,283.0,images/garrafa_1/prod_(283).png,output/garrafa_1/mask_(283).png
567,281.2,180.4,373.4,216.4,283.0,output/garrafa_1/aum_(283).png,output/garrafa_1/aum_mask_(283).png
568,198.0,147.0,504.0,266.0,284.0,images/garrafa_1/prod_(284).png,output/garrafa_1/mask_(284).png
569,300.4,142.2,444.2,198.2,284.0,output/garrafa_1/aum_(284).png,output/garrafa_1/aum_mask_(284).png
570,204.0,142.0,514.0,268.0,285.0,images/garrafa_1/prod_(285).png,output/garrafa_1/mask_(285).png
571,329.4,221.0,490.6,286.5,285.0,output/garrafa_1/aum_(285).png,output/garrafa_1/aum_mask_(285).png
572,218.0,154.0,512.0,271.0,286.0,images/garrafa_1/prod_(286).png,output/garrafa_1/mask_(286).png
573,199.1,227.4,269.7,255.5,286.0,output/garrafa_1/aum_(286).png,output/garrafa_1/aum_mask_(286).png
574,233.0,160.0,518.0,277.0,287.0,images/garrafa_1/prod_(287).png,output/garrafa_1/mask_(287).png
575,307.4,105.9,432.8,157.4,287.0,output/garrafa_1/aum_(287).png,output/garrafa_1/aum_mask_(287).png
576,240.0,166.0,527.0,284.0,288.0,images/garrafa_1/prod_(288).png,output/garrafa_1/mask_(288).png
577,240.2,220.5,432.5,299.5,288.0,output/garrafa_1/aum_(288).png,output/garrafa_1/aum_mask_(288).png
578,248.0,174.0,525.0,289.0,289.0,images/garrafa_1/prod_(289).png,output/garrafa_1/mask_(289).png
579,197.2,134.5,446.4,238.0,289.0,output/garrafa_1/aum_(289).png,output/garrafa_1/aum_mask_(289).png
580,246.0,181.0,530.0,296.0,290.0,images/garrafa_1/prod_(290).png,output/garrafa_1/mask_(290).png
581,349.2,215.9,431.5,249.3,290.0,output/garrafa_1/aum_(290).png,output/garrafa_1/aum_mask_(290).png
582,251.0,187.0,536.0,299.0,291.0,images/garrafa_1/prod_(291).png,output/garrafa_1/mask_(291).png
583,147.5,215.4,409.7,318.4,291.0,output/garrafa_1/aum_(291).png,output/garrafa_1/aum_mask_(291).png
584,250.0,187.0,545.0,302.0,292.0,images/garrafa_1/prod_(292).png,output/garrafa_1/mask_(292).png
585,221.6,109.8,310.2,144.2,292.0,output/garrafa_1/aum_(292).png,output/garrafa_1/aum_mask_(292).png
586,246.0,187.0,555.0,304.0,293.0,images/garrafa_1/prod_(293).png,output/garrafa_1/mask_(293).png
587,314.9,192.3,389.0,220.4,293.0,output/garrafa_1/aum_(293).png,output/garrafa_1/aum_mask_(293).png
588,248.0,185.0,553.0,304.0,294.0,images/garrafa_1/prod_(294).png,output/garrafa_1/mask_(294).png
589,218.7,190.8,456.6,283.6,294.0,output/garrafa_1/aum_(294).png,output/garrafa_1/aum_mask_(294).png
590,246.0,180.0,564.0,302.0,295.0,images/garrafa_1/prod_(295).png,output/garrafa_1/mask_(295).png
591,276.6,186.9,518.3,279.6,295.0,output/garrafa_1/aum_(295).png,output/garrafa_1/aum_mask_(295).png
592,250.0,175.0,576.0,297.0,296.0,images/garrafa_1/prod_(296).png,output/garrafa_1/mask_(296).png
593,207.8,236.2,520.7,353.3,296.0,output/garrafa_1/aum_(296).png,output/garrafa_1/aum_mask_(296).png
594,248.0,167.0,589.0,293.0,297.0,images/garrafa_1/prod_(297).png,output/garrafa_1/mask_(297).png
595,168.0,186.8,461.3,295.1,297.0,output/garrafa_1/aum_(297).png,output/garrafa_1/aum_mask_(297).png
596,249.0,160.0,592.0,287.0,298.0,images/garrafa_1/prod_(298).png,output/garrafa_1/mask_(298).png
597,336.7,236.4,408.7,263.1,298.0,output/garrafa_1/aum_(298).png,output/garrafa_1/aum_mask_(298).png
598,238.0,154.0,590.0,280.0,299.0,images/garrafa_1/prod_(299).png,output/garrafa_1/mask_(299).png
599,328.9,223.4,564.7,307.8,299.0,output/garrafa_1/aum_(299).png,output/garrafa_1/aum_mask_(299).png
600,225.0,145.0,588.0,272.0,300.0,images/garrafa_1/prod_(300).png,output/garrafa_1/mask_(300).png
601,167.6,151.4,505.2,269.5,300.0,output/garrafa_1/aum_(300).png,output/garrafa_1/aum_mask_(300).png
602,218.0,135.0,579.0,262.0,301.0,images/garrafa_1/prod_(301).png,output/garrafa_1/mask_(301).png
603,140.6,104.5,368.0,184.5,301.0,output/garrafa_1/aum_(301).png,output/garrafa_1/aum_mask_(301).png
604,208.0,125.0,573.0,251.0,302.0,images/garrafa_1/prod_(302).png,output/garrafa_1/mask_(302).png
605,399.9,194.6,513.1,233.7,302.0,output/garrafa_1/aum_(302).png,output/garrafa_1/aum_mask_(302).png
606,194.0,117.0,557.0,243.0,303.0,images/garrafa_1/prod_(303).png,output/garrafa_1/mask_(303).png
607,376.8,139.8,543.8,197.7,303.0,output/garrafa_1/aum_(303).png,output/garrafa_1/aum_mask_(303).png
608,185.0,116.0,549.0,238.0,304.0,images/garrafa_1/prod_(304).png,output/garrafa_1/mask_(304).png
609,214.5,113.0,309.2,144.7,304.0,output/garrafa_1/aum_(304).png,output/garrafa_1/aum_mask_(304).png
610,171.0,113.0,529.0,231.0,305.0,images/garrafa_1/prod_(305).png,output/garrafa_1/mask_(305).png
611,245.2,108.9,409.9,163.2,305.0,output/garrafa_1/aum_(305).png,output/garrafa_1/aum_mask_(305).png
612,157.0,110.0,511.0,227.0,306.0,images/garrafa_1/prod_(306).png,output/garrafa_1/mask_(306).png
613,329.4,163.5,573.6,244.3,306.0,output/garrafa_1/aum_(306).png,output/garrafa_1/aum_mask_(306).png
614,148.0,108.0,489.0,223.0,307.0,images/garrafa_1/prod_(307).png,output/garrafa_1/mask_(307).png
615,258.5,98.5,354.0,130.7,307.0,output/garrafa_1/aum_(307).png,output/garrafa_1/aum_mask_(307).png
616,133.0,109.0,480.0,227.0,308.0,images/garrafa_1/prod_(308).png,output/garrafa_1/mask_(308).png
617,287.2,103.7,537.1,188.7,308.0,output/garrafa_1/aum_(308).png,output/garrafa_1/aum_mask_(308).png
618,125.0,114.0,463.0,230.0,309.0,images/garrafa_1/prod_(309).png,output/garrafa_1/mask_(309).png
619,129.3,67.9,426.8,169.9,309.0,output/garrafa_1/aum_(309).png,output/garrafa_1/aum_mask_(309).png
620,115.0,125.0,458.0,238.0,310.0,images/garrafa_1/prod_(310).png,output/garrafa_1/mask_(310).png
621,41.5,149.0,346.8,249.6,310.0,output/garrafa_1/aum_(310).png,output/garrafa_1/aum_mask_(310).png
622,114.0,134.0,453.0,249.0,311.0,images/garrafa_1/prod_(311).png,output/garrafa_1/mask_(311).png
623,367.5,152.1,489.6,193.5,311.0,output/garrafa_1/aum_(311).png,output/garrafa_1/aum_mask_(311).png
624,105.0,150.0,448.0,262.0,312.0,images/garrafa_1/prod_(312).png,output/garrafa_1/mask_(312).png
625,289.6,205.6,358.2,228.0,312.0,output/garrafa_1/aum_(312).png,output/garrafa_1/aum_mask_(312).png
626,111.0,164.0,443.0,273.0,313.0,images/garrafa_1/prod_(313).png,output/garrafa_1/mask_(313).png
627,248.4,238.8,371.2,279.1,313.0,output/garrafa_1/aum_(313).png,output/garrafa_1/aum_mask_(313).png
628,112.0,174.0,444.0,287.0,314.0,images/garrafa_1/prod_(314).png,output/garrafa_1/mask_(314).png
629,182.3,127.9,278.6,160.7,314.0,output/garrafa_1/aum_(314).png,output/garrafa_1/aum_mask_(314).png
630,121.0,193.0,446.0,299.0,315.0,images/garrafa_1/prod_(315).png,output/garrafa_1/mask_(315).png
631,166.0,230.8,270.0,264.7,315.0,output/garrafa_1/aum_(315).png,output/garrafa_1/aum_mask_(315).png
632,121.0,204.0,449.0,313.0,316.0,images/garrafa_1/prod_(316).png,output/garrafa_1/mask_(316).png
633,343.8,171.1,419.3,196.2,316.0,output/garrafa_1/aum_(316).png,output/garrafa_1/aum_mask_(316).png
634,130.0,205.0,455.0,315.0,317.0,images/garrafa_1/prod_(317).png,output/garrafa_1/mask_(317).png
635,190.9,199.5,356.6,255.6,317.0,output/garrafa_1/aum_(317).png,output/garrafa_1/aum_mask_(317).png
636,130.0,205.0,460.0,315.0,318.0,images/garrafa_1/prod_(318).png,output/garrafa_1/mask_(318).png
637,90.9,213.4,388.0,312.4,318.0,output/garrafa_1/aum_(318).png,output/garrafa_1/aum_mask_(318).png
638,141.0,204.0,466.0,312.0,319.0,images/garrafa_1/prod_(319).png,output/garrafa_1/mask_(319).png
639,227.7,199.1,487.7,285.5,319.0,output/garrafa_1/aum_(319).png,output/garrafa_1/aum_mask_(319).png
640,141.0,200.0,469.0,309.0,320.0,images/garrafa_1/prod_(320).png,output/garrafa_1/mask_(320).png
641,294.4,168.1,399.3,202.9,320.0,output/garrafa_1/aum_(320).png,output/garrafa_1/aum_mask_(320).png
642,143.0,192.0,474.0,301.0,321.0,images/garrafa_1/prod_(321).png,output/garrafa_1/mask_(321).png
643,260.2,177.1,382.7,217.5,321.0,output/garrafa_1/aum_(321).png,output/garrafa_1/aum_mask_(321).png
644,139.0,182.0,474.0,294.0,322.0,images/garrafa_1/prod_(322).png,output/garrafa_1/mask_(322).png
645,174.4,155.0,241.4,177.4,322.0,output/garrafa_1/aum_(322).png,output/garrafa_1/aum_mask_(322).png
646,134.0,173.0,475.0,289.0,323.0,images/garrafa_1/prod_(323).png,output/garrafa_1/mask_(323).png
647,244.4,132.1,476.2,211.0,323.0,output/garrafa_1/aum_(323).png,output/garrafa_1/aum_mask_(323).png
648,139.0,165.0,474.0,277.0,324.0,images/garrafa_1/prod_(324).png,output/garrafa_1/mask_(324).png
649,144.6,168.7,231.7,197.8,324.0,output/garrafa_1/aum_(324).png,output/garrafa_1/aum_mask_(324).png
650,138.0,155.0,481.0,271.0,325.0,images/garrafa_1/prod_(325).png,output/garrafa_1/mask_(325).png
651,241.1,216.8,474.3,295.7,325.0,output/garrafa_1/aum_(325).png,output/garrafa_1/aum_mask_(325).png
652,139.0,152.0,483.0,266.0,326.0,images/garrafa_1/prod_(326).png,output/garrafa_1/mask_(326).png
653,282.8,101.2,499.5,173.0,326.0,output/garrafa_1/aum_(326).png,output/garrafa_1/aum_mask_(326).png
654,138.0,147.0,482.0,264.0,327.0,images/garrafa_1/prod_(327).png,output/garrafa_1/mask_(327).png
655,54.7,102.3,374.6,211.1,327.0,output/garrafa_1/aum_(327).png,output/garrafa_1/aum_mask_(327).png
656,141.0,142.0,476.0,257.0,328.0,images/garrafa_1/prod_(328).png,output/garrafa_1/mask_(328).png
657,257.7,154.2,385.0,198.0,328.0,output/garrafa_1/aum_(328).png,output/garrafa_1/aum_mask_(328).png
658,140.0,137.0,475.0,254.0,329.0,images/garrafa_1/prod_(329).png,output/garrafa_1/mask_(329).png
659,239.6,94.8,340.2,129.9,329.0,output/garrafa_1/aum_(329).png,output/garrafa_1/aum_mask_(329).png
660,131.0,135.0,469.0,254.0,330.0,images/garrafa_1/prod_(330).png,output/garrafa_1/mask_(330).png
661,100.7,114.9,401.6,220.8,330.0,output/garrafa_1/aum_(330).png,output/garrafa_1/aum_mask_(330).png
662,126.0,139.0,465.0,257.0,331.0,images/garrafa_1/prod_(331).png,output/garrafa_1/mask_(331).png
663,133.4,153.4,235.2,188.8,331.0,output/garrafa_1/aum_(331).png,output/garrafa_1/aum_mask_(331).png
664,120.0,139.0,462.0,258.0,332.0,images/garrafa_1/prod_(332).png,output/garrafa_1/mask_(332).png
665,198.0,127.8,516.0,238.5,332.0,output/garrafa_1/aum_(332).png,output/garrafa_1/aum_mask_(332).png
666,106.0,146.0,463.0,260.0,333.0,images/garrafa_1/prod_(333).png,output/garrafa_1/mask_(333).png
667,283.3,127.7,526.1,205.2,333.0,output/garrafa_1/aum_(333).png,output/garrafa_1/aum_mask_(333).png
668,109.0,148.0,451.0,266.0,334.0,images/garrafa_1/prod_(334).png,output/garrafa_1/mask_(334).png
669,104.4,185.3,432.7,298.5,334.0,output/garrafa_1/aum_(334).png,output/garrafa_1/aum_mask_(334).png
670,100.0,153.0,458.0,273.0,335.0,images/garrafa_1/prod_(335).png,output/garrafa_1/mask_(335).png
671,53.0,212.3,393.1,326.3,335.0,output/garrafa_1/aum_(335).png,output/garrafa_1/aum_mask_(335).png
672,103.0,153.0,452.0,272.0,336.0,images/garrafa_1/prod_(336).png,output/garrafa_1/mask_(336).png
673,80.6,138.4,331.9,224.1,336.0,output/garrafa_1/aum_(336).png,output/garrafa_1/aum_mask_(336).png
674,100.0,149.0,445.0,272.0,337.0,images/garrafa_1/prod_(337).png,output/garrafa_1/mask_(337).png
675,166.6,220.4,235.6,245.0,337.0,output/garrafa_1/aum_(337).png,output/garrafa_1/aum_mask_(337).png
676,91.0,136.0,442.0,256.0,338.0,images/garrafa_1/prod_(338).png,output/garrafa_1/mask_(338).png
677,160.2,176.9,237.4,203.3,338.0,output/garrafa_1/aum_(338).png,output/garrafa_1/aum_mask_(338).png
678,74.0,120.0,444.0,241.0,339.0,images/garrafa_1/prod_(339).png,output/garrafa_1/mask_(339).png
679,-6.6,85.3,311.6,189.4,339.0,output/garrafa_1/aum_(339).png,output/garrafa_1/aum_mask_(339).png
680,74.0,102.0,448.0,222.0,340.0,images/garrafa_1/prod_(340).png,output/garrafa_1/mask_(340).png
681,369.6,160.9,459.3,189.7,340.0,output/garrafa_1/aum_(340).png,output/garrafa_1/aum_mask_(340).png
682,73.0,87.0,436.0,215.0,341.0,images/garrafa_1/prod_(341).png,output/garrafa_1/mask_(341).png
683,42.8,157.6,384.0,277.9,341.0,output/garrafa_1/aum_(341).png,output/garrafa_1/aum_mask_(341).png
684,64.0,79.0,431.0,205.0,342.0,images/garrafa_1/prod_(342).png,output/garrafa_1/mask_(342).png
685,189.4,94.2,394.9,164.8,342.0,output/garrafa_1/aum_(342).png,output/garrafa_1/aum_mask_(342).png
686,58.0,72.0,438.0,202.0,343.0,images/garrafa_1/prod_(343).png,output/garrafa_1/mask_(343).png
687,123.5,119.6,222.3,153.4,343.0,output/garrafa_1/aum_(343).png,output/garrafa_1/aum_mask_(343).png
688,53.0,69.0,425.0,202.0,344.0,images/garrafa_1/prod_(344).png,output/garrafa_1/mask_(344).png
689,309.2,77.6,484.1,140.1,344.0,output/garrafa_1/aum_(344).png,output/garrafa_1/aum_mask_(344).png
690,49.0,75.0,418.0,204.0,345.0,images/garrafa_1/prod_(345).png,output/garrafa_1/mask_(345).png
691,237.5,61.8,462.6,140.4,345.0,output/garrafa_1/aum_(345).png,output/garrafa_1/aum_mask_(345).png
692,47.0,87.0,423.0,214.0,346.0,images/garrafa_1/prod_(346).png,output/garrafa_1/mask_(346).png
693,234.2,129.2,422.2,192.8,346.0,output/garrafa_1/aum_(346).png,output/garrafa_1/aum_mask_(346).png
694,49.0,107.0,430.0,231.0,347.0,images/garrafa_1/prod_(347).png,output/garrafa_1/mask_(347).png
695,118.0,111.2,266.6,159.6,347.0,output/garrafa_1/aum_(347).png,output/garrafa_1/aum_mask_(347).png
696,73.0,133.0,425.0,252.0,348.0,images/garrafa_1/prod_(348).png,output/garrafa_1/mask_(348).png
697,200.2,132.2,316.3,171.4,348.0,output/garrafa_1/aum_(348).png,output/garrafa_1/aum_mask_(348).png
698,77.0,150.0,432.0,272.0,349.0,images/garrafa_1/prod_(349).png,output/garrafa_1/mask_(349).png
699,211.6,192.1,360.8,243.4,349.0,output/garrafa_1/aum_(349).png,output/garrafa_1/aum_mask_(349).png
